temp_max,temp_min,precipitation,windspeed,latitude,longitude,humidity_max,humidity_min,date
15.7,3.9,0.0,13.0,93,69,44.7866,20.4489,2023-01-01
15.4,2.9,0.0,9.3,96,71,44.7866,20.4489,2023-01-02
12.4,4.7,0.0,13.3,98,72,44.7866,20.4489,2023-01-03
9.5,2.9,0.0,9.8,100,74,44.7866,20.4489,2023-01-04
11.5,1.6,0.4,15.6,93,62,44.7866,20.4489,2023-01-05
12.1,4.7,0.1,15.9,93,56,44.7866,20.4489,2023-01-06
12.8,2.3,0.0,12.4,92,70,44.7866,20.4489,2023-01-07
12.0,1.6,0.0,13.8,100,65,44.7866,20.4489,2023-01-08
9.7,4.4,3.3,28.5,86,70,44.7866,20.4489,2023-01-09
9.1,4.5,10.0,29.0,97,72,44.7866,20.4489,2023-01-10
5.6,3.1,17.2,21.9,96,86,44.7866,20.4489,2023-01-11
5.7,1.5,0.0,10.6,97,81,44.7866,20.4489,2023-01-12
9.3,1.1,0.0,13.6,97,67,44.7866,20.4489,2023-01-13
6.0,1.6,2.1,13.2,98,89,44.7866,20.4489,2023-01-14
9.8,3.2,0.0,19.5,96,61,44.7866,20.4489,2023-01-15
8.5,2.5,5.5,28.0,84,60,44.7866,20.4489,2023-01-16
13.1,5.8,3.5,29.5,85,60,44.7866,20.4489,2023-01-17
14.6,8.6,7.1,26.3,92,65,44.7866,20.4489,2023-01-18
13.6,4.0,1.7,22.9,90,66,44.7866,20.4489,2023-01-19
3.7,-0.1,16.6,19.5,100,82,44.7866,20.4489,2023-01-20
3.5,0.0,3.5,14.8,95,85,44.7866,20.4489,2023-01-21
4.4,0.1,0.0,10.7,100,82,44.7866,20.4489,2023-01-22
7.5,3.7,5.7,30.9,96,73,44.7866,20.4489,2023-01-23
3.7,-0.0,2.2,22.2,91,71,44.7866,20.4489,2023-01-24
3.2,-0.6,0.0,15.1,83,67,44.7866,20.4489,2023-01-25
1.4,0.1,1.8,22.2,89,68,44.7866,20.4489,2023-01-26
1.5,-0.1,5.4,13.9,96,84,44.7866,20.4489,2023-01-27
1.6,-0.2,1.7,17.2,96,85,44.7866,20.4489,2023-01-28
2.6,0.4,1.4,16.3,97,75,44.7866,20.4489,2023-01-29
2.7,-2.5,0.0,8.7,91,59,44.7866,20.4489,2023-01-30
5.7,-0.1,1.9,24.0,88,62,44.7866,20.4489,2023-01-31
8.2,0.1,0.9,16.5,95,55,44.7866,20.4489,2023-02-01
5.6,1.5,4.9,19.9,92,72,44.7866,20.4489,2023-02-02
6.0,0.3,2.1,22.8,94,56,44.7866,20.4489,2023-02-03
5.1,-0.8,8.5,36.8,91,53,44.7866,20.4489,2023-02-04
-0.0,-4.0,0.2,25.1,74,49,44.7866,20.4489,2023-02-05
0.1,-5.5,0.0,16.6,79,54,44.7866,20.4489,2023-02-06
0.3,-6.0,0.0,12.5,90,51,44.7866,20.4489,2023-02-07
1.8,-5.5,0.0,11.7,82,48,44.7866,20.4489,2023-02-08
2.1,-5.2,0.0,19.5,79,40,44.7866,20.4489,2023-02-09
2.5,-6.3,0.0,11.4,88,37,44.7866,20.4489,2023-02-10
4.3,-5.8,0.0,10.2,87,40,44.7866,20.4489,2023-02-11
6.8,-1.8,0.7,14.5,92,52,44.7866,20.4489,2023-02-12
8.3,-3.0,0.0,11.2,94,52,44.7866,20.4489,2023-02-13
6.4,-1.1,0.0,15.0,95,69,44.7866,20.4489,2023-02-14
8.1,-0.8,0.0,12.1,96,58,44.7866,20.4489,2023-02-15
11.5,-1.1,0.0,10.2,91,63,44.7866,20.4489,2023-02-16
12.7,0.4,0.0,13.7,94,51,44.7866,20.4489,2023-02-17
14.5,4.7,0.2,16.3,75,52,44.7866,20.4489,2023-02-18
14.6,5.3,3.9,20.7,85,54,44.7866,20.4489,2023-02-19
11.6,3.4,0.2,18.8,89,51,44.7866,20.4489,2023-02-20
16.2,5.1,0.0,14.6,84,52,44.7866,20.4489,2023-02-21
14.7,3.9,0.0,11.7,92,55,44.7866,20.4489,2023-02-22
14.2,3.3,0.0,19.1,93,55,44.7866,20.4489,2023-02-23
15.5,4.6,4.6,18.6,93,49,44.7866,20.4489,2023-02-24
13.3,2.4,21.9,24.8,97,57,44.7866,20.4489,2023-02-25
2.8,0.8,14.3,15.5,100,89,44.7866,20.4489,2023-02-26
3.4,-1.1,6.0,15.3,100,68,44.7866,20.4489,2023-02-27
4.2,-1.6,0.8,9.3,93,76,44.7866,20.4489,2023-02-28
9.3,2.6,0.0,23.0,94,66,44.7866,20.4489,2023-03-01
9.4,3.5,2.2,21.0,92,68,44.7866,20.4489,2023-03-02
9.3,2.5,0.1,13.9,90,68,44.7866,20.4489,2023-03-03
9.9,3.5,0.1,10.0,97,61,44.7866,20.4489,2023-03-04
7.8,0.4,0.0,17.6,91,52,44.7866,20.4489,2023-03-05
12.9,-1.3,0.4,16.1,93,40,44.7866,20.4489,2023-03-06
14.1,3.0,0.0,11.9,91,51,44.7866,20.4489,2023-03-07
15.2,6.0,0.0,14.5,78,45,44.7866,20.4489,2023-03-08
17.7,8.8,8.3,18.3,91,52,44.7866,20.4489,2023-03-09
15.9,8.5,1.8,15.4,93,60,44.7866,20.4489,2023-03-10
9.8,2.1,1.3,24.6,92,49,44.7866,20.4489,2023-03-11
6.7,-0.7,0.0,16.1,84,45,44.7866,20.4489,2023-03-12
14.0,-1.9,0.0,18.3,91,30,44.7866,20.4489,2023-03-13
18.9,5.8,0.0,21.9,59,34,44.7866,20.4489,2023-03-14
11.1,2.6,10.0,22.9,95,49,44.7866,20.4489,2023-03-15
8.1,2.1,2.4,25.6,94,45,44.7866,20.4489,2023-03-16
9.3,-1.9,0.0,9.0,87,46,44.7866,20.4489,2023-03-17
12.3,0.7,0.0,20.8,88,47,44.7866,20.4489,2023-03-18
17.7,3.6,0.0,20.5,71,35,44.7866,20.4489,2023-03-19
18.2,5.5,0.0,9.2,83,44,44.7866,20.4489,2023-03-20
16.8,7.0,0.0,11.2,95,51,44.7866,20.4489,2023-03-21
16.6,5.3,0.0,10.0,94,46,44.7866,20.4489,2023-03-22
19.1,4.2,0.0,10.8,95,42,44.7866,20.4489,2023-03-23
23.5,6.0,0.0,14.1,88,30,44.7866,20.4489,2023-03-24
17.3,9.7,8.7,15.0,95,50,44.7866,20.4489,2023-03-25
17.0,6.4,0.0,16.3,100,33,44.7866,20.4489,2023-03-26
12.0,4.0,12.7,29.1,87,53,44.7866,20.4489,2023-03-27
7.5,1.4,1.0,32.3,64,42,44.7866,20.4489,2023-03-28
10.3,-0.4,0.0,16.6,80,39,44.7866,20.4489,2023-03-29
16.8,4.6,0.1,13.9,68,41,44.7866,20.4489,2023-03-30
19.4,9.8,1.7,17.0,89,40,44.7866,20.4489,2023-03-31
13.2,7.4,17.4,24.5,93,66,44.7866,20.4489,2023-04-01
15.2,5.3,0.5,18.7,91,56,44.7866,20.4489,2023-04-02
10.8,5.9,0.2,26.4,97,56,44.7866,20.4489,2023-04-03
4.2,-0.1,29.2,25.9,98,69,44.7866,20.4489,2023-04-04
2.7,-0.2,2.5,16.0,95,71,44.7866,20.4489,2023-04-05
6.8,0.6,0.0,18.2,86,49,44.7866,20.4489,2023-04-06
5.1,2.2,3.1,15.5,94,76,44.7866,20.4489,2023-04-07
9.8,2.6,0.5,8.9,98,60,44.7866,20.4489,2023-04-08
11.0,1.1,0.2,13.6,100,62,44.7866,20.4489,2023-04-09
13.6,4.9,0.4,15.5,95,53,44.7866,20.4489,2023-04-10
15.1,5.0,0.6,15.3,94,52,44.7866,20.4489,2023-04-11
14.3,6.7,0.1,23.1,82,39,44.7866,20.4489,2023-04-12
20.3,4.9,0.0,15.1,80,40,44.7866,20.4489,2023-04-13
14.9,7.5,6.5,21.7,91,51,44.7866,20.4489,2023-04-14
17.5,5.6,0.1,14.2,80,42,44.7866,20.4489,2023-04-15
17.1,5.8,0.5,17.2,88,54,44.7866,20.4489,2023-04-16
16.4,8.1,2.1,17.3,96,66,44.7866,20.4489,2023-04-17
14.6,8.8,1.0,17.4,92,64,44.7866,20.4489,2023-04-18
14.2,8.5,2.6,16.7,97,60,44.7866,20.4489,2023-04-19
16.9,6.8,0.0,16.9,93,49,44.7866,20.4489,2023-04-20
17.8,7.2,0.0,14.2,94,42,44.7866,20.4489,2023-04-21
20.0,7.8,0.0,10.2,91,31,44.7866,20.4489,2023-04-22
21.5,8.6,0.0,13.2,86,32,44.7866,20.4489,2023-04-23
18.0,11.4,3.9,19.9,94,58,44.7866,20.4489,2023-04-24
15.1,10.7,5.6,23.2,95,52,44.7866,20.4489,2023-04-25
14.2,6.2,0.9,25.4,94,42,44.7866,20.4489,2023-04-26
12.6,4.2,0.1,17.1,74,44,44.7866,20.4489,2023-04-27
15.7,3.0,0.0,9.2,88,39,44.7866,20.4489,2023-04-28
19.1,10.0,0.1,15.0,78,46,44.7866,20.4489,2023-04-29
18.3,8.7,5.3,15.5,92,66,44.7866,20.4489,2023-04-30
20.6,9.4,0.1,17.7,94,48,44.7866,20.4489,2023-05-01
22.5,13.5,0.0,25.0,67,38,44.7866,20.4489,2023-05-02
17.6,11.8,0.0,25.5,82,48,44.7866,20.4489,2023-05-03
17.4,11.5,3.7,14.9,96,61,44.7866,20.4489,2023-05-04
21.0,9.9,0.4,10.6,97,48,44.7866,20.4489,2023-05-05
23.0,10.8,0.1,13.5,91,40,44.7866,20.4489,2023-05-06
24.1,12.1,0.0,12.1,79,37,44.7866,20.4489,2023-05-07
17.0,11.3,2.8,13.1,96,56,44.7866,20.4489,2023-05-08
16.2,8.4,0.5,19.8,87,55,44.7866,20.4489,2023-05-09
17.9,9.4,0.0,28.7,82,52,44.7866,20.4489,2023-05-10
15.9,11.7,4.4,32.7,79,56,44.7866,20.4489,2023-05-11
17.8,10.0,3.0,28.5,79,55,44.7866,20.4489,2023-05-12
20.9,9.4,0.5,21.4,88,47,44.7866,20.4489,2023-05-13
19.4,11.1,4.1,29.9,89,62,44.7866,20.4489,2023-05-14
21.1,14.2,6.5,28.4,90,65,44.7866,20.4489,2023-05-15
21.2,14.7,0.2,28.2,89,62,44.7866,20.4489,2023-05-16
21.6,13.8,8.4,15.1,98,59,44.7866,20.4489,2023-05-17
14.9,10.2,8.4,13.7,98,73,44.7866,20.4489,2023-05-18
19.9,11.3,0.7,12.0,97,60,44.7866,20.4489,2023-05-19
24.2,11.1,0.0,21.4,98,41,44.7866,20.4489,2023-05-20
24.8,14.8,0.0,20.6,81,33,44.7866,20.4489,2023-05-21
23.7,13.7,0.5,16.9,87,48,44.7866,20.4489,2023-05-22
24.0,12.3,0.0,12.0,97,47,44.7866,20.4489,2023-05-23
23.1,13.5,4.8,9.7,97,59,44.7866,20.4489,2023-05-24
22.7,15.4,1.6,18.9,98,70,44.7866,20.4489,2023-05-25
21.8,15.0,3.8,16.9,97,69,44.7866,20.4489,2023-05-26
22.7,14.4,4.7,13.4,99,65,44.7866,20.4489,2023-05-27
21.9,13.5,8.5,10.5,97,69,44.7866,20.4489,2023-05-28
22.5,14.2,2.6,11.9,99,62,44.7866,20.4489,2023-05-29
22.0,14.6,9.1,10.0,97,69,44.7866,20.4489,2023-05-30
22.5,14.8,1.5,10.7,99,63,44.7866,20.4489,2023-05-31
23.5,14.9,6.8,7.1,100,64,44.7866,20.4489,2023-06-01
23.5,15.6,4.9,10.1,100,64,44.7866,20.4489,2023-06-02
23.2,15.0,0.4,13.7,98,56,44.7866,20.4489,2023-06-03
22.2,14.3,0.0,20.7,97,60,44.7866,20.4489,2023-06-04
25.1,13.7,0.3,17.2,94,56,44.7866,20.4489,2023-06-05
22.7,16.4,6.6,22.7,93,64,44.7866,20.4489,2023-06-06
23.2,15.7,4.6,12.6,94,66,44.7866,20.4489,2023-06-07
24.8,15.9,0.0,13.3,90,61,44.7866,20.4489,2023-06-08
24.8,16.6,3.5,17.8,97,61,44.7866,20.4489,2023-06-09
24.2,15.8,4.1,12.4,97,58,44.7866,20.4489,2023-06-10
23.3,16.4,4.6,16.6,97,70,44.7866,20.4489,2023-06-11
20.6,16.1,16.4,12.5,98,65,44.7866,20.4489,2023-06-12
21.7,13.6,0.3,11.5,96,48,44.7866,20.4489,2023-06-13
23.8,13.5,0.1,12.8,95,46,44.7866,20.4489,2023-06-14
20.8,15.7,12.9,10.2,95,70,44.7866,20.4489,2023-06-15
20.5,16.2,11.5,19.8,96,66,44.7866,20.4489,2023-06-16
20.5,16.0,4.4,14.4,97,70,44.7866,20.4489,2023-06-17
25.3,13.9,0.0,13.8,90,45,44.7866,20.4489,2023-06-18
27.6,15.4,0.0,11.4,89,43,44.7866,20.4489,2023-06-19
28.5,19.1,0.1,11.2,83,51,44.7866,20.4489,2023-06-20
30.1,18.4,0.0,8.8,91,47,44.7866,20.4489,2023-06-21
30.5,21.0,0.9,11.4,87,53,44.7866,20.4489,2023-06-22
33.0,21.0,4.7,30.8,93,49,44.7866,20.4489,2023-06-23
23.9,19.0,13.5,20.1,96,68,44.7866,20.4489,2023-06-24
24.0,18.3,2.5,16.1,92,62,44.7866,20.4489,2023-06-25
26.2,17.5,0.3,14.2,96,45,44.7866,20.4489,2023-06-26
28.2,17.5,0.1,16.3,92,45,44.7866,20.4489,2023-06-27
18.9,15.0,8.1,12.7,91,66,44.7866,20.4489,2023-06-28
23.3,13.6,0.4,14.9,93,52,44.7866,20.4489,2023-06-29
27.3,14.8,0.0,10.7,88,44,44.7866,20.4489,2023-06-30
27.8,17.6,0.1,15.3,89,50,44.7866,20.4489,2023-07-01
25.3,17.9,2.8,16.5,97,65,44.7866,20.4489,2023-07-02
27.8,17.5,0.0,12.1,92,39,44.7866,20.4489,2023-07-03
29.6,17.6,0.5,14.6,89,42,44.7866,20.4489,2023-07-04
26.8,18.5,23.6,9.8,97,63,44.7866,20.4489,2023-07-05
29.1,19.3,1.4,15.9,95,50,44.7866,20.4489,2023-07-06
24.0,18.7,13.1,17.4,95,60,44.7866,20.4489,2023-07-07
27.7,15.7,0.0,16.3,88,37,44.7866,20.4489,2023-07-08
28.3,16.2,0.0,11.4,85,38,44.7866,20.4489,2023-07-09
30.1,17.9,0.0,13.0,73,38,44.7866,20.4489,2023-07-10
31.5,20.0,0.0,14.4,85,42,44.7866,20.4489,2023-07-11
34.2,20.7,0.0,11.4,92,41,44.7866,20.4489,2023-07-12
33.8,21.4,6.3,21.7,92,40,44.7866,20.4489,2023-07-13
27.6,20.6,0.6,11.4,93,53,44.7866,20.4489,2023-07-14
30.7,19.0,0.0,10.1,97,45,44.7866,20.4489,2023-07-15
34.1,21.4,0.0,11.6,91,40,44.7866,20.4489,2023-07-16
34.4,22.7,0.0,10.5,88,41,44.7866,20.4489,2023-07-17
31.8,23.3,0.0,9.5,87,43,44.7866,20.4489,2023-07-18
32.5,22.0,3.5,17.0,88,41,44.7866,20.4489,2023-07-19
28.4,18.7,0.6,19.0,97,51,44.7866,20.4489,2023-07-20
32.6,20.1,8.2,13.4,94,40,44.7866,20.4489,2023-07-21
27.1,19.9,5.6,18.7,96,57,44.7866,20.4489,2023-07-22
26.5,18.6,7.0,12.7,98,59,44.7866,20.4489,2023-07-23
32.5,21.2,0.0,18.2,84,41,44.7866,20.4489,2023-07-24
34.9,22.8,7.1,22.0,85,38,44.7866,20.4489,2023-07-25
22.3,17.3,4.2,20.3,93,63,44.7866,20.4489,2023-07-26
21.5,14.7,0.2,18.7,81,51,44.7866,20.4489,2023-07-27
26.9,14.9,0.0,9.5,79,41,44.7866,20.4489,2023-07-28
28.3,18.6,0.0,9.0,88,49,44.7866,20.4489,2023-07-29
29.5,18.7,7.5,13.4,96,52,44.7866,20.4489,2023-07-30
26.4,18.6,0.4,18.1,100,45,44.7866,20.4489,2023-07-31
28.3,15.0,0.0,14.1,90,45,44.7866,20.4489,2023-08-01
24.2,16.8,1.4,16.6,91,59,44.7866,20.4489,2023-08-02
32.4,19.2,0.0,9.8,91,40,44.7866,20.4489,2023-08-03
32.8,22.2,10.1,25.6,88,49,44.7866,20.4489,2023-08-04
30.4,19.6,26.3,22.4,96,49,44.7866,20.4489,2023-08-05
23.2,16.1,9.9,21.2,97,65,44.7866,20.4489,2023-08-06
22.8,14.6,1.8,13.0,97,52,44.7866,20.4489,2023-08-07
21.0,13.5,0.0,13.3,89,51,44.7866,20.4489,2023-08-08
23.4,11.7,0.0,10.1,98,52,44.7866,20.4489,2023-08-09
23.1,15.7,0.3,12.2,94,52,44.7866,20.4489,2023-08-10
23.9,14.5,0.0,11.2,94,43,44.7866,20.4489,2023-08-11
25.7,13.9,0.0,9.8,87,43,44.7866,20.4489,2023-08-12
26.4,14.5,0.0,7.7,90,44,44.7866,20.4489,2023-08-13
28.3,16.7,0.0,15.5,92,44,44.7866,20.4489,2023-08-14
26.0,19.1,4.2,29.5,89,52,44.7866,20.4489,2023-08-15
24.9,18.7,13.1,13.3,97,69,44.7866,20.4489,2023-08-16
26.4,17.9,1.6,9.5,100,67,44.7866,20.4489,2023-08-17
29.2,19.2,1.2,13.4,96,55,44.7866,20.4489,2023-08-18
29.4,20.0,1.2,15.3,98,51,44.7866,20.4489,2023-08-19
30.7,19.6,0.0,9.7,96,51,44.7866,20.4489,2023-08-20
31.3,21.2,0.0,14.6,90,47,44.7866,20.4489,2023-08-21
31.5,20.3,0.0,7.6,93,54,44.7866,20.4489,2023-08-22
32.3,21.3,0.0,6.6,100,47,44.7866,20.4489,2023-08-23
30.1,21.6,0.0,11.7,94,51,44.7866,20.4489,2023-08-24
31.2,20.6,0.0,8.6,94,46,44.7866,20.4489,2023-08-25
33.1,20.3,0.0,11.8,90,40,44.7866,20.4489,2023-08-26
34.3,22.2,0.0,15.4,83,39,44.7866,20.4489,2023-08-27
34.3,24.4,0.0,24.3,60,37,44.7866,20.4489,2023-08-28
26.7,20.3,16.3,18.9,94,40,44.7866,20.4489,2023-08-29
22.3,17.6,11.4,18.7,96,70,44.7866,20.4489,2023-08-30
23.9,15.4,1.2,11.7,97,59,44.7866,20.4489,2023-08-31
24.0,16.5,0.3,8.8,98,52,44.7866,20.4489,2023-09-01
26.8,14.5,0.0,9.4,99,43,44.7866,20.4489,2023-09-02
28.3,16.2,1.4,19.5,94,41,44.7866,20.4489,2023-09-03
21.9,14.7,7.3,23.8,97,59,44.7866,20.4489,2023-09-04
24.0,13.8,0.0,12.2,91,54,44.7866,20.4489,2023-09-05
25.7,15.3,0.0,14.8,92,47,44.7866,20.4489,2023-09-06
25.7,17.0,0.0,19.5,86,45,44.7866,20.4489,2023-09-07
26.3,16.9,0.0,18.8,84,42,44.7866,20.4489,2023-09-08
26.7,16.5,0.0,13.3,86,41,44.7866,20.4489,2023-09-09
27.7,15.8,0.0,9.4,85,37,44.7866,20.4489,2023-09-10
28.0,15.3,0.0,10.9,87,39,44.7866,20.4489,2023-09-11
29.8,16.5,0.0,14.0,77,36,44.7866,20.4489,2023-09-12
29.6,16.0,0.0,10.6,85,40,44.7866,20.4489,2023-09-13
27.7,19.1,0.4,17.5,83,45,44.7866,20.4489,2023-09-14
23.7,16.4,0.0,10.5,95,54,44.7866,20.4489,2023-09-15
25.0,17.2,0.6,15.4,96,57,44.7866,20.4489,2023-09-16
25.3,17.7,2.1,17.4,96,59,44.7866,20.4489,2023-09-17
27.2,17.6,0.0,20.8,89,47,44.7866,20.4489,2023-09-18
27.5,19.1,4.0,23.2,81,53,44.7866,20.4489,2023-09-19
25.5,15.2,0.0,8.3,97,50,44.7866,20.4489,2023-09-20
27.9,18.5,7.4,20.2,87,50,44.7866,20.4489,2023-09-21
29.5,18.2,1.7,20.1,88,42,44.7866,20.4489,2023-09-22
31.3,19.2,4.8,21.5,89,33,44.7866,20.4489,2023-09-23
20.6,16.3,2.5,16.4,97,63,44.7866,20.4489,2023-09-24
23.8,14.6,12.8,17.2,97,60,44.7866,20.4489,2023-09-25
26.1,15.2,0.0,16.2,94,38,44.7866,20.4489,2023-09-26
25.4,15.4,0.0,19.4,86,40,44.7866,20.4489,2023-09-27
25.0,14.0,0.0,18.1,85,38,44.7866,20.4489,2023-09-28
25.5,12.7,0.0,11.4,89,39,44.7866,20.4489,2023-09-29
25.5,13.4,0.0,10.6,88,38,44.7866,20.4489,2023-09-30
21.5,14.1,0.2,17.0,96,54,44.7866,20.4489,2023-10-01
21.3,11.3,0.0,10.0,91,48,44.7866,20.4489,2023-10-02
23.7,11.0,0.0,13.7,92,45,44.7866,20.4489,2023-10-03
23.0,12.1,0.0,17.4,90,45,44.7866,20.4489,2023-10-04
20.7,10.6,0.0,8.6,89,51,44.7866,20.4489,2023-10-05
20.9,12.2,0.0,13.2,85,44,44.7866,20.4489,2023-10-06
21.6,8.6,0.0,12.0,94,40,44.7866,20.4489,2023-10-07
25.1,13.2,0.0,25.7,68,42,44.7866,20.4489,2023-10-08
21.3,8.3,0.0,8.0,79,45,44.7866,20.4489,2023-10-09
20.3,12.5,0.1,15.1,94,60,44.7866,20.4489,2023-10-10
21.3,11.2,0.0,15.2,100,53,44.7866,20.4489,2023-10-11
25.2,12.4,0.0,16.5,86,42,44.7866,20.4489,2023-10-12
24.3,12.6,0.0,10.0,89,51,44.7866,20.4489,2023-10-13
25.2,13.4,0.0,12.0,87,38,44.7866,20.4489,2023-10-14
18.1,10.6,2.0,20.9,90,67,44.7866,20.4489,2023-10-15
12.9,6.7,0.1,16.9,93,44,44.7866,20.4489,2023-10-16
12.5,4.2,0.0,8.7,95,56,44.7866,20.4489,2023-10-17
16.7,4.6,0.0,13.5,100,49,44.7866,20.4489,2023-10-18
22.5,9.8,0.3,20.6,78,50,44.7866,20.4489,2023-10-19
27.5,16.4,0.0,30.6,72,37,44.7866,20.4489,2023-10-20
23.9,22.1,0.1,30.3,59,43,44.7866,20.4489,2023-10-21
24.0,15.5,0.7,25.5,83,43,44.7866,20.4489,2023-10-22
22.5,13.3,0.2,11.3,94,54,44.7866,20.4489,2023-10-23
24.9,12.1,0.0,20.1,88,43,44.7866,20.4489,2023-10-24
23.2,16.8,2.0,24.6,72,44,44.7866,20.4489,2023-10-25
22.3,14.8,0.0,15.5,82,49,44.7866,20.4489,2023-10-26
23.2,13.8,7.0,23.8,90,51,44.7866,20.4489,2023-10-27
20.8,11.6,0.0,15.8,92,55,44.7866,20.4489,2023-10-28
23.0,10.8,0.0,14.8,92,37,44.7866,20.4489,2023-10-29
23.3,11.7,0.0,19.2,80,43,44.7866,20.4489,2023-10-30
22.4,13.7,0.9,23.4,95,42,44.7866,20.4489,2023-10-31
16.4,9.7,0.1,12.9,98,49,44.7866,20.4489,2023-11-01
19.9,11.5,0.0,21.9,81,45,44.7866,20.4489,2023-11-02
20.7,11.9,6.6,40.4,89,51,44.7866,20.4489,2023-11-03
16.4,9.1,0.0,11.5,93,64,44.7866,20.4489,2023-11-04
18.7,11.1,10.7,28.4,85,54,44.7866,20.4489,2023-11-05
18.8,9.8,0.1,14.3,89,53,44.7866,20.4489,2023-11-06
20.5,9.2,0.0,18.4,85,48,44.7866,20.4489,2023-11-07
15.3,6.6,5.3,17.8,96,62,44.7866,20.4489,2023-11-08
14.3,5.2,0.0,17.9,96,52,44.7866,20.4489,2023-11-09
13.5,7.2,4.2,22.7,88,55,44.7866,20.4489,2023-11-10
13.6,6.2,3.2,30.8,92,72,44.7866,20.4489,2023-11-11
12.1,4.0,0.0,12.8,90,44,44.7866,20.4489,2023-11-12
14.9,4.3,0.0,11.3,97,55,44.7866,20.4489,2023-11-13
19.3,8.9,0.0,13.5,90,54,44.7866,20.4489,2023-11-14
15.2,8.5,14.9,19.6,94,63,44.7866,20.4489,2023-11-15
13.2,6.7,0.0,15.0,95,58,44.7866,20.4489,2023-11-16
11.3,6.2,11.3,27.2,90,53,44.7866,20.4489,2023-11-17
7.1,3.4,4.8,35.7,88,58,44.7866,20.4489,2023-11-18
7.3,-0.0,0.0,14.7,97,57,44.7866,20.4489,2023-11-19
11.5,2.7,0.0,13.5,88,65,44.7866,20.4489,2023-11-20
10.2,5.2,18.3,12.4,96,76,44.7866,20.4489,2023-11-21
8.3,5.2,8.5,14.8,99,83,44.7866,20.4489,2023-11-22
5.5,0.7,0.0,11.6,93,68,44.7866,20.4489,2023-11-23
11.2,0.7,3.9,7.4,100,74,44.7866,20.4489,2023-11-24
5.5,1.8,2.4,22.2,96,66,44.7866,20.4489,2023-11-25
4.1,-1.6,2.3,25.4,88,60,44.7866,20.4489,2023-11-26
8.7,-1.3,0.4,17.9,84,44,44.7866,20.4489,2023-11-27
8.8,4.2,8.4,28.6,95,65,44.7866,20.4489,2023-11-28
4.3,-1.6,0.0,17.7,96,59,44.7866,20.4489,2023-11-29
10.2,-1.3,0.7,24.9,87,60,44.7866,20.4489,2023-11-30
20.6,10.5,0.0,24.1,65,48,44.7866,20.4489,2023-12-01
19.7,6.8,1.3,24.8,91,48,44.7866,20.4489,2023-12-02
4.7,-1.9,0.0,19.6,88,57,44.7866,20.4489,2023-12-03
2.5,-4.5,0.0,18.5,95,62,44.7866,20.4489,2023-12-04
6.8,-0.2,0.0,24.7,85,66,44.7866,20.4489,2023-12-05
5.1,0.7,4.5,25.6,100,74,44.7866,20.4489,2023-12-06
4.4,1.1,0.5,19.6,95,81,44.7866,20.4489,2023-12-07
2.8,-1.5,1.1,14.9,95,83,44.7866,20.4489,2023-12-08
4.7,-1.9,0.0,10.7,97,74,44.7866,20.4489,2023-12-09
3.7,-1.0,5.3,12.0,98,86,44.7866,20.4489,2023-12-10
9.7,-0.2,0.2,15.1,99,69,44.7866,20.4489,2023-12-11
13.0,2.9,2.0,11.2,91,65,44.7866,20.4489,2023-12-12
17.4,8.7,0.4,19.7,82,56,44.7866,20.4489,2023-12-13
10.2,6.5,16.2,18.1,99,83,44.7866,20.4489,2023-12-14
7.4,2.7,0.3,15.5,96,76,44.7866,20.4489,2023-12-15
3.6,-1.8,0.0,15.8,94,65,44.7866,20.4489,2023-12-16
5.8,-2.1,0.0,10.7,95,62,44.7866,20.4489,2023-12-17
9.2,-1.9,0.0,8.5,95,58,44.7866,20.4489,2023-12-18
9.6,-1.1,0.0,11.5,91,70,44.7866,20.4489,2023-12-19
6.8,-0.7,0.0,12.2,96,73,44.7866,20.4489,2023-12-20
8.9,1.0,0.0,14.9,95,54,44.7866,20.4489,2023-12-21
9.1,5.1,0.9,20.2,90,54,44.7866,20.4489,2023-12-22
7.5,1.9,4.7,24.8,94,62,44.7866,20.4489,2023-12-23
12.9,5.4,0.1,22.0,89,56,44.7866,20.4489,2023-12-24
15.6,5.8,0.0,16.6,83,53,44.7866,20.4489,2023-12-25
14.3,3.5,0.0,11.1,89,68,44.7866,20.4489,2023-12-26
11.5,2.8,0.0,11.5,95,57,44.7866,20.4489,2023-12-27
11.0,1.7,0.0,13.8,95,71,44.7866,20.4489,2023-12-28
13.2,1.6,0.0,10.2,92,62,44.7866,20.4489,2023-12-29
12.8,3.1,0.0,9.8,90,65,44.7866,20.4489,2023-12-30
12.8,1.8,0.0,13.4,97,65,44.7866,20.4489,2023-12-31
14.0,3.7,1.9,18.4,95,65,44.7866,20.4489,2024-01-01
10.8,0.9,0.0,13.4,96,49,44.7866,20.4489,2024-01-02
10.2,5.9,1.6,20.6,93,55,44.7866,20.4489,2024-01-03
11.5,6.2,5.9,19.3,90,76,44.7866,20.4489,2024-01-04
13.0,2.2,0.0,18.1,92,58,44.7866,20.4489,2024-01-05
13.6,7.9,1.7,21.7,80,53,44.7866,20.4489,2024-01-06
10.7,4.2,0.9,21.9,93,62,44.7866,20.4489,2024-01-07
3.4,-1.5,5.2,19.4,90,77,44.7866,20.4489,2024-01-08
-1.7,-6.0,3.4,10.8,90,80,44.7866,20.4489,2024-01-09
-1.1,-6.2,0.0,12.4,96,75,44.7866,20.4489,2024-01-10
-3.6,-7.8,0.0,9.7,99,88,44.7866,20.4489,2024-01-11
-1.3,-6.8,0.0,13.6,97,79,44.7866,20.4489,2024-01-12
0.1,-5.0,0.1,13.3,95,74,44.7866,20.4489,2024-01-13
3.3,-7.1,0.0,13.0,87,53,44.7866,20.4489,2024-01-14
9.1,-1.9,2.7,18.4,97,52,44.7866,20.4489,2024-01-15
5.3,-1.1,2.8,16.0,98,45,44.7866,20.4489,2024-01-16
11.1,-1.2,3.9,23.6,88,62,44.7866,20.4489,2024-01-17
17.5,7.3,1.9,24.8,88,54,44.7866,20.4489,2024-01-18
11.7,0.1,5.7,23.5,96,67,44.7866,20.4489,2024-01-19
1.9,-5.6,1.2,14.1,95,64,44.7866,20.4489,2024-01-20
1.9,-6.9,0.0,12.1,95,58,44.7866,20.4489,2024-01-21
4.2,-5.6,0.0,22.6,97,53,44.7866,20.4489,2024-01-22
2.9,-3.5,1.9,19.1,97,68,44.7866,20.4489,2024-01-23
6.2,-1.3,0.5,17.1,96,56,44.7866,20.4489,2024-01-24
10.6,2.6,1.9,19.2,89,65,44.7866,20.4489,2024-01-25
8.6,1.2,0.0,21.4,88,54,44.7866,20.4489,2024-01-26
7.8,3.0,2.0,30.3,86,43,44.7866,20.4489,2024-01-27
6.2,-0.4,0.1,14.2,88,63,44.7866,20.4489,2024-01-28
5.9,-3.1,0.0,8.8,96,60,44.7866,20.4489,2024-01-29
5.7,-2.2,0.0,11.4,95,52,44.7866,20.4489,2024-01-30
6.1,-3.9,0.0,9.8,91,52,44.7866,20.4489,2024-01-31
8.5,-3.8,0.0,8.0,96,40,44.7866,20.4489,2024-02-01
7.9,0.8,0.9,19.2,97,59,44.7866,20.4489,2024-02-02
12.4,1.4,0.0,20.5,86,54,44.7866,20.4489,2024-02-03
13.7,5.2,0.0,15.0,84,55,44.7866,20.4489,2024-02-04
14.8,6.0,0.0,15.3,79,54,44.7866,20.4489,2024-02-05
15.7,4.0,0.0,13.6,84,48,44.7866,20.4489,2024-02-06
15.5,2.9,0.0,11.3,88,48,44.7866,20.4489,2024-02-07
16.5,6.3,0.0,15.1,85,44,44.7866,20.4489,2024-02-08
18.5,6.0,0.0,17.6,82,38,44.7866,20.4489,2024-02-09
18.7,10.5,1.6,23.3,66,43,44.7866,20.4489,2024-02-10
17.9,10.7,2.7,29.7,67,41,44.7866,20.4489,2024-02-11
11.2,6.6,1.0,18.6,96,64,44.7866,20.4489,2024-02-12
10.4,4.5,2.6,25.4,96,62,44.7866,20.4489,2024-02-13
9.4,1.4,0.0,15.8,87,49,44.7866,20.4489,2024-02-14
11.4,0.1,0.0,9.5,91,54,44.7866,20.4489,2024-02-15
12.3,-0.8,0.0,9.8,97,44,44.7866,20.4489,2024-02-16
14.2,2.4,0.0,14.2,87,48,44.7866,20.4489,2024-02-17
12.1,4.0,0.0,13.5,97,58,44.7866,20.4489,2024-02-18
12.4,0.1,0.0,9.2,98,50,44.7866,20.4489,2024-02-19
11.2,4.7,1.0,12.5,94,54,44.7866,20.4489,2024-02-20
10.9,3.1,1.2,14.2,95,58,44.7866,20.4489,2024-02-21
14.9,3.1,0.0,17.9,89,39,44.7866,20.4489,2024-02-22
16.0,8.9,0.2,19.8,60,45,44.7866,20.4489,2024-02-23
13.8,8.8,2.2,24.6,89,55,44.7866,20.4489,2024-02-24
17.8,9.3,2.0,19.8,90,46,44.7866,20.4489,2024-02-25
19.3,9.1,0.0,22.5,81,41,44.7866,20.4489,2024-02-26
18.1,9.0,0.0,25.2,80,44,44.7866,20.4489,2024-02-27
18.0,8.6,0.0,22.4,75,49,44.7866,20.4489,2024-02-28
15.9,8.7,0.0,25.3,79,58,44.7866,20.4489,2024-02-29
16.5,8.9,0.6,27.9,80,50,44.7866,20.4489,2024-03-01
14.4,6.7,0.5,24.8,91,59,44.7866,20.4489,2024-03-02
17.3,5.3,0.2,17.0,92,41,44.7866,20.4489,2024-03-03
16.4,6.5,0.0,21.4,88,43,44.7866,20.4489,2024-03-04
16.2,8.1,0.5,20.6,90,49,44.7866,20.4489,2024-03-05
14.5,7.8,4.1,11.8,96,58,44.7866,20.4489,2024-03-06
8.9,5.3,4.9,21.3,96,73,44.7866,20.4489,2024-03-07
10.7,3.2,0.7,16.8,88,59,44.7866,20.4489,2024-03-08
16.2,1.9,0.0,22.4,93,37,44.7866,20.4489,2024-03-09
19.6,7.6,0.0,22.7,85,40,44.7866,20.4489,2024-03-10
14.6,9.6,2.9,29.3,77,48,44.7866,20.4489,2024-03-11
14.5,6.0,0.0,16.2,92,52,44.7866,20.4489,2024-03-12
11.1,6.9,2.9,22.1,90,69,44.7866,20.4489,2024-03-13
12.5,5.5,0.3,15.5,93,49,44.7866,20.4489,2024-03-14
14.9,6.2,0.0,11.6,88,43,44.7866,20.4489,2024-03-15
15.7,4.8,0.0,14.3,91,47,44.7866,20.4489,2024-03-16
15.6,6.5,2.3,20.7,97,45,44.7866,20.4489,2024-03-17
13.7,7.6,0.0,10.7,75,45,44.7866,20.4489,2024-03-18
9.1,2.4,0.0,21.3,80,40,44.7866,20.4489,2024-03-19
12.1,0.5,0.0,10.6,84,40,44.7866,20.4489,2024-03-20
15.4,1.8,0.0,8.8,85,35,44.7866,20.4489,2024-03-21
16.9,5.5,0.0,8.7,90,36,44.7866,20.4489,2024-03-22
20.7,7.0,0.0,17.2,78,31,44.7866,20.4489,2024-03-23
13.6,3.3,5.5,20.4,96,55,44.7866,20.4489,2024-03-24
12.2,2.0,0.1,16.3,98,43,44.7866,20.4489,2024-03-25
16.7,3.2,0.2,30.8,89,27,44.7866,20.4489,2024-03-26
19.6,8.1,1.8,34.2,88,50,44.7866,20.4489,2024-03-27
20.2,12.1,3.9,31.2,89,30,44.7866,20.4489,2024-03-28
22.8,11.1,0.0,18.6,77,35,44.7866,20.4489,2024-03-29
26.7,11.0,0.0,25.4,72,27,44.7866,20.4489,2024-03-30
27.6,16.4,0.0,25.6,45,20,44.7866,20.4489,2024-03-31
28.1,16.4,0.0,32.7,46,22,44.7866,20.4489,2024-04-01
21.9,10.5,1.6,34.7,84,23,44.7866,20.4489,2024-04-02
19.7,7.7,0.0,17.1,90,29,44.7866,20.4489,2024-04-03
19.5,11.2,0.1,19.2,73,39,44.7866,20.4489,2024-04-04
22.1,10.0,0.0,16.0,76,38,44.7866,20.4489,2024-04-05
24.3,10.1,0.0,12.8,78,34,44.7866,20.4489,2024-04-06
25.4,12.3,0.0,14.8,82,35,44.7866,20.4489,2024-04-07
25.4,14.2,0.0,21.4,59,26,44.7866,20.4489,2024-04-08
27.9,13.7,0.0,18.4,60,29,44.7866,20.4489,2024-04-09
27.1,14.2,0.0,17.4,65,25,44.7866,20.4489,2024-04-10
20.8,10.4,0.0,16.2,82,51,44.7866,20.4489,2024-04-11
23.9,11.3,0.0,12.4,95,45,44.7866,20.4489,2024-04-12
24.8,11.6,0.0,13.1,90,33,44.7866,20.4489,2024-04-13
26.7,12.5,0.0,11.4,80,28,44.7866,20.4489,2024-04-14
29.7,14.2,0.0,21.2,61,20,44.7866,20.4489,2024-04-15
27.3,8.2,4.0,30.0,79,28,44.7866,20.4489,2024-04-16
7.8,4.7,10.8,18.0,92,72,44.7866,20.4489,2024-04-17
10.7,5.3,1.8,21.6,93,59,44.7866,20.4489,2024-04-18
13.2,4.2,0.5,13.0,91,37,44.7866,20.4489,2024-04-19
15.2,2.7,0.0,11.1,86,31,44.7866,20.4489,2024-04-20
13.0,5.8,2.9,15.1,93,50,44.7866,20.4489,2024-04-21
13.8,4.4,0.2,14.4,93,42,44.7866,20.4489,2024-04-22
15.0,6.5,2.6,30.3,93,60,44.7866,20.4489,2024-04-23
16.3,7.2,3.7,19.6,98,57,44.7866,20.4489,2024-04-24
13.1,4.9,0.0,7.9,97,49,44.7866,20.4489,2024-04-25
16.5,4.1,0.1,9.5,95,47,44.7866,20.4489,2024-04-26
21.1,7.8,0.0,14.7,88,31,44.7866,20.4489,2024-04-27
24.4,11.1,0.0,18.2,87,33,44.7866,20.4489,2024-04-28
24.9,12.8,0.0,22.0,71,31,44.7866,20.4489,2024-04-29
22.2,12.7,0.0,33.6,68,38,44.7866,20.4489,2024-04-30
22.3,13.7,0.0,31.1,65,40,44.7866,20.4489,2024-05-01
23.7,14.6,8.4,29.2,92,43,44.7866,20.4489,2024-05-02
14.1,11.8,10.2,23.5,95,68,44.7866,20.4489,2024-05-03
20.9,11.6,6.7,13.9,98,55,44.7866,20.4489,2024-05-04
24.0,12.3,0.0,11.0,93,44,44.7866,20.4489,2024-05-05
25.1,13.1,0.0,12.7,80,35,44.7866,20.4489,2024-05-06
23.9,14.7,0.2,16.0,87,44,44.7866,20.4489,2024-05-07
22.4,13.6,5.0,11.9,97,60,44.7866,20.4489,2024-05-08
21.2,13.5,1.5,13.5,97,49,44.7866,20.4489,2024-05-09
19.5,11.4,0.2,19.5,86,46,44.7866,20.4489,2024-05-10
21.1,10.5,0.3,11.0,90,45,44.7866,20.4489,2024-05-11
20.0,12.6,9.6,12.1,90,63,44.7866,20.4489,2024-05-12
21.1,8.5,0.0,9.6,100,37,44.7866,20.4489,2024-05-13
18.6,10.7,0.7,13.3,92,56,44.7866,20.4489,2024-05-14
19.1,12.1,0.0,26.3,93,51,44.7866,20.4489,2024-05-15
21.8,12.6,10.6,34.1,81,51,44.7866,20.4489,2024-05-16
21.4,13.4,0.3,35.5,77,55,44.7866,20.4489,2024-05-17
24.9,11.8,0.2,15.5,96,39,44.7866,20.4489,2024-05-18
25.7,16.5,0.9,19.5,77,54,44.7866,20.4489,2024-05-19
24.6,15.8,1.2,19.6,94,53,44.7866,20.4489,2024-05-20
26.5,17.0,24.6,29.5,88,55,44.7866,20.4489,2024-05-21
23.7,15.2,11.9,25.9,95,55,44.7866,20.4489,2024-05-22
19.3,14.7,14.6,15.5,97,68,44.7866,20.4489,2024-05-23
21.1,13.8,11.0,10.4,98,61,44.7866,20.4489,2024-05-24
25.7,12.5,0.0,24.1,100,36,44.7866,20.4489,2024-05-25
24.2,15.3,0.0,22.7,84,37,44.7866,20.4489,2024-05-26
24.8,12.3,0.0,10.2,99,38,44.7866,20.4489,2024-05-27
23.8,12.7,0.0,11.7,97,42,44.7866,20.4489,2024-05-28
23.7,14.3,1.0,19.6,90,55,44.7866,20.4489,2024-05-29
24.6,14.6,0.3,16.1,93,50,44.7866,20.4489,2024-05-30
26.2,15.9,1.7,24.0,87,38,44.7866,20.4489,2024-05-31
28.7,19.2,1.5,18.8,65,31,44.7866,20.4489,2024-06-01
27.8,15.2,0.1,12.1,81,31,44.7866,20.4489,2024-06-02
26.3,16.7,8.8,17.4,96,50,44.7866,20.4489,2024-06-03
24.6,14.7,0.1,21.7,96,44,44.7866,20.4489,2024-06-04
24.8,15.0,0.8,9.1,96,52,44.7866,20.4489,2024-06-05
27.6,15.4,0.0,9.0,94,43,44.7866,20.4489,2024-06-06
30.0,16.9,0.0,9.5,93,35,44.7866,20.4489,2024-06-07
30.7,17.8,0.0,10.5,91,40,44.7866,20.4489,2024-06-08
31.0,22.1,0.0,16.5,72,42,44.7866,20.4489,2024-06-09
31.1,22.5,5.3,17.2,73,34,44.7866,20.4489,2024-06-10
24.8,19.3,13.4,15.5,95,62,44.7866,20.4489,2024-06-11
24.6,17.5,1.2,22.9,97,65,44.7866,20.4489,2024-06-12
22.2,15.8,7.7,16.8,92,66,44.7866,20.4489,2024-06-13
22.7,13.1,0.0,18.6,97,45,44.7866,20.4489,2024-06-14
25.7,12.8,0.0,9.3,91,40,44.7866,20.4489,2024-06-15
28.4,16.6,0.0,9.2,81,41,44.7866,20.4489,2024-06-16
28.6,18.4,12.9,17.0,95,43,44.7866,20.4489,2024-06-17
31.1,18.6,0.0,9.6,90,38,44.7866,20.4489,2024-06-18
35.0,21.1,0.0,9.4,69,31,44.7866,20.4489,2024-06-19
33.1,21.2,0.0,11.4,85,41,44.7866,20.4489,2024-06-20
34.0,21.5,0.0,12.5,95,43,44.7866,20.4489,2024-06-21
36.3,22.7,0.5,18.2,94,35,44.7866,20.4489,2024-06-22
30.6,20.8,0.0,12.5,87,50,44.7866,20.4489,2024-06-23
30.4,19.9,0.5,10.7,96,46,44.7866,20.4489,2024-06-24
32.4,19.4,15.3,18.1,91,37,44.7866,20.4489,2024-06-25
30.2,20.7,0.3,22.6,99,46,44.7866,20.4489,2024-06-26
26.6,19.9,5.1,18.6,93,60,44.7866,20.4489,2024-06-27
27.1,18.7,1.9,7.1,98,58,44.7866,20.4489,2024-06-28
29.6,20.0,0.1,10.8,96,55,44.7866,20.4489,2024-06-29
32.8,22.6,0.0,16.6,88,40,44.7866,20.4489,2024-06-30
31.7,22.1,1.5,16.8,85,45,44.7866,20.4489,2024-07-01
22.9,17.2,31.8,21.4,97,76,44.7866,20.4489,2024-07-02
22.3,15.6,0.3,14.8,97,50,44.7866,20.4489,2024-07-03
23.5,14.6,0.3,12.8,94,52,44.7866,20.4489,2024-07-04
26.9,16.0,0.0,8.7,90,40,44.7866,20.4489,2024-07-05
30.2,18.2,0.0,19.4,80,37,44.7866,20.4489,2024-07-06
31.4,20.8,0.0,16.3,76,44,44.7866,20.4489,2024-07-07
32.9,21.3,0.0,11.2,81,38,44.7866,20.4489,2024-07-08
33.6,21.4,0.0,11.2,86,36,44.7866,20.4489,2024-07-09
34.5,22.5,0.0,11.8,87,33,44.7866,20.4489,2024-07-10
35.1,22.0,0.0,13.5,81,31,44.7866,20.4489,2024-07-11
36.1,23.8,0.0,17.1,65,28,44.7866,20.4489,2024-07-12
35.3,25.7,0.0,14.8,66,39,44.7866,20.4489,2024-07-13
36.9,25.5,0.0,15.0,64,35,44.7866,20.4489,2024-07-14
34.6,24.4,0.0,10.9,80,43,44.7866,20.4489,2024-07-15
37.8,24.7,0.0,23.5,76,23,44.7866,20.4489,2024-07-16
34.2,23.3,1.4,11.9,78,44,44.7866,20.4489,2024-07-17
32.9,23.4,6.6,12.9,94,45,44.7866,20.4489,2024-07-18
33.6,23.7,0.1,11.1,86,42,44.7866,20.4489,2024-07-19
31.1,22.1,13.1,13.1,96,53,44.7866,20.4489,2024-07-20
27.5,20.3,1.8,13.8,99,55,44.7866,20.4489,2024-07-21
29.6,21.3,1.1,9.5,92,49,44.7866,20.4489,2024-07-22
29.3,19.7,1.4,11.8,97,55,44.7866,20.4489,2024-07-23
27.4,20.5,6.7,14.0,96,54,44.7866,20.4489,2024-07-24
26.4,18.2,0.0,20.1,76,40,44.7866,20.4489,2024-07-25
27.1,16.8,0.0,10.0,89,38,44.7866,20.4489,2024-07-26
29.1,18.2,0.0,9.4,82,37,44.7866,20.4489,2024-07-27
34.4,19.4,0.0,12.2,77,28,44.7866,20.4489,2024-07-28
27.6,20.4,0.0,25.9,64,32,44.7866,20.4489,2024-07-29
27.8,16.0,0.0,12.1,74,31,44.7866,20.4489,2024-07-30
28.7,16.1,0.0,9.4,85,31,44.7866,20.4489,2024-07-31
33.1,15.7,0.0,11.0,87,26,44.7866,20.4489,2024-08-01
30.3,20.4,1.9,21.4,73,45,44.7866,20.4489,2024-08-02
29.0,20.1,0.0,21.5,91,31,44.7866,20.4489,2024-08-03
26.7,15.7,0.0,12.7,96,39,44.7866,20.4489,2024-08-04
28.7,17.7,0.5,11.3,93,40,44.7866,20.4489,2024-08-05
28.4,18.8,0.4,23.6,95,30,44.7866,20.4489,2024-08-06
28.3,16.2,0.0,9.1,90,36,44.7866,20.4489,2024-08-07
31.7,18.0,0.0,12.3,83,32,44.7866,20.4489,2024-08-08
30.5,20.5,5.0,17.2,92,29,44.7866,20.4489,2024-08-09
31.2,19.3,0.0,16.4,74,34,44.7866,20.4489,2024-08-10
32.6,20.2,0.0,11.5,79,34,44.7866,20.4489,2024-08-11
34.4,20.5,0.0,9.2,83,32,44.7866,20.4489,2024-08-12
36.7,22.5,0.0,11.7,80,23,44.7866,20.4489,2024-08-13
36.3,22.9,0.0,17.7,73,29,44.7866,20.4489,2024-08-14
35.8,22.3,0.0,12.8,74,30,44.7866,20.4489,2024-08-15
36.0,23.0,0.0,14.2,77,30,44.7866,20.4489,2024-08-16
34.1,22.7,0.2,16.3,77,34,44.7866,20.4489,2024-08-17
34.8,22.7,0.4,18.1,72,33,44.7866,20.4489,2024-08-18
33.4,22.1,0.0,18.0,79,30,44.7866,20.4489,2024-08-19
28.5,20.4,0.2,14.2,91,46,44.7866,20.4489,2024-08-20
33.2,18.8,0.0,16.2,97,29,44.7866,20.4489,2024-08-21
29.8,20.2,0.0,14.0,81,35,44.7866,20.4489,2024-08-22
32.2,19.0,0.0,12.0,79,27,44.7866,20.4489,2024-08-23
34.1,20.6,0.0,12.6,79,25,44.7866,20.4489,2024-08-24
34.3,19.2,0.0,11.7,79,25,44.7866,20.4489,2024-08-25
33.5,20.7,0.0,10.0,80,26,44.7866,20.4489,2024-08-26
32.5,21.8,0.0,11.2,75,36,44.7866,20.4489,2024-08-27
32.2,19.4,0.0,10.1,92,32,44.7866,20.4489,2024-08-28
32.2,20.2,0.0,14.0,82,33,44.7866,20.4489,2024-08-29
31.5,19.9,0.0,17.1,82,31,44.7866,20.4489,2024-08-30
33.0,18.9,0.0,16.6,83,27,44.7866,20.4489,2024-08-31
33.3,19.3,0.0,14.5,70,24,44.7866,20.4489,2024-09-01
33.0,17.8,0.0,11.5,83,22,44.7866,20.4489,2024-09-02
34.0,17.8,0.0,11.2,85,21,44.7866,20.4489,2024-09-03
33.6,18.7,0.0,9.4,77,23,44.7866,20.4489,2024-09-04
32.2,19.2,0.0,16.6,80,28,44.7866,20.4489,2024-09-05
31.1,20.3,0.0,18.1,75,33,44.7866,20.4489,2024-09-06
29.1,19.8,1.9,24.3,80,41,44.7866,20.4489,2024-09-07
31.0,19.9,0.0,21.7,59,30,44.7866,20.4489,2024-09-08
28.4,20.0,1.8,29.6,73,32,44.7866,20.4489,2024-09-09
20.6,17.2,19.9,18.4,95,66,44.7866,20.4489,2024-09-10
22.3,15.7,6.7,19.6,96,56,44.7866,20.4489,2024-09-11
27.6,13.4,0.0,16.1,93,36,44.7866,20.4489,2024-09-12
20.9,10.6,8.8,23.1,84,54,44.7866,20.4489,2024-09-13
14.8,9.0,12.8,21.8,91,60,44.7866,20.4489,2024-09-14
11.5,10.1,23.6,26.6,94,86,44.7866,20.4489,2024-09-15
13.6,9.6,3.4,23.7,96,71,44.7866,20.4489,2024-09-16
20.2,8.5,0.0,11.6,100,51,44.7866,20.4489,2024-09-17
21.3,10.2,0.4,15.0,99,53,44.7866,20.4489,2024-09-18
23.1,12.3,0.0,15.3,96,50,44.7866,20.4489,2024-09-19
21.5,13.6,0.0,23.8,80,46,44.7866,20.4489,2024-09-20
22.7,12.2,0.0,12.6,76,31,44.7866,20.4489,2024-09-21
24.0,9.3,0.0,9.6,86,33,44.7866,20.4489,2024-09-22
25.9,9.8,0.0,12.9,90,31,44.7866,20.4489,2024-09-23
26.1,15.3,0.0,16.8,85,43,44.7866,20.4489,2024-09-24
24.2,13.4,0.0,8.1,93,46,44.7866,20.4489,2024-09-25
27.0,15.0,0.0,14.6,81,39,44.7866,20.4489,2024-09-26
29.2,18.0,0.0,14.5,64,36,44.7866,20.4489,2024-09-27
30.0,15.7,1.2,24.5,89,36,44.7866,20.4489,2024-09-28
15.1,11.1,15.6,26.3,94,82,44.7866,20.4489,2024-09-29
15.5,7.3,0.0,20.3,91,43,44.7866,20.4489,2024-09-30
15.8,6.0,0.0,10.8,97,48,44.7866,20.4489,2024-10-01
22.3,8.9,0.0,17.8,79,45,44.7866,20.4489,2024-10-02
23.5,14.0,3.0,16.2,82,48,44.7866,20.4489,2024-10-03
19.4,13.3,16.1,31.0,90,79,44.7866,20.4489,2024-10-04
16.5,11.2,0.1,8.8,95,67,44.7866,20.4489,2024-10-05
15.6,9.9,0.3,13.4,95,65,44.7866,20.4489,2024-10-06
19.2,7.7,0.0,12.4,98,50,44.7866,20.4489,2024-10-07
23.9,11.1,0.0,16.9,84,47,44.7866,20.4489,2024-10-08
24.1,15.9,3.5,23.4,85,45,44.7866,20.4489,2024-10-09
27.0,14.8,0.0,15.8,73,43,44.7866,20.4489,2024-10-10
17.8,13.1,2.8,13.3,96,66,44.7866,20.4489,2024-10-11
17.1,10.4,0.0,12.5,98,60,44.7866,20.4489,2024-10-12
20.3,9.1,0.0,10.7,94,50,44.7866,20.4489,2024-10-13
17.4,11.7,0.0,11.6,91,42,44.7866,20.4489,2024-10-14
21.2,9.8,0.0,15.7,81,55,44.7866,20.4489,2024-10-15
15.1,6.8,0.0,11.2,96,61,44.7866,20.4489,2024-10-16
17.1,8.1,0.0,19.4,97,53,44.7866,20.4489,2024-10-17
16.4,8.2,0.0,26.4,67,47,44.7866,20.4489,2024-10-18
15.5,8.0,0.0,25.8,65,43,44.7866,20.4489,2024-10-19
15.9,7.5,0.0,21.9,70,46,44.7866,20.4489,2024-10-20
17.8,6.7,0.0,13.5,83,49,44.7866,20.4489,2024-10-21
19.6,6.5,0.0,12.6,95,47,44.7866,20.4489,2024-10-22
19.2,8.2,0.0,10.5,96,49,44.7866,20.4489,2024-10-23
18.0,7.2,0.0,15.3,100,52,44.7866,20.4489,2024-10-24
18.7,8.7,0.0,15.8,89,49,44.7866,20.4489,2024-10-25
20.8,9.0,0.0,16.9,84,47,44.7866,20.4489,2024-10-26
22.7,11.9,0.0,18.5,89,47,44.7866,20.4489,2024-10-27
20.4,11.4,0.0,13.0,95,61,44.7866,20.4489,2024-10-28
17.6,10.0,0.0,7.7,100,65,44.7866,20.4489,2024-10-29
17.6,7.9,0.0,7.9,100,63,44.7866,20.4489,2024-10-30
18.6,9.7,0.0,13.3,98,57,44.7866,20.4489,2024-10-31
17.6,8.7,0.0,8.0,99,54,44.7866,20.4489,2024-11-01
17.5,5.8,0.3,21.4,100,54,44.7866,20.4489,2024-11-02
11.9,4.8,0.0,9.5,97,42,44.7866,20.4489,2024-11-03
12.6,2.7,0.0,9.1,100,46,44.7866,20.4489,2024-11-04
12.6,3.5,0.0,14.8,100,45,44.7866,20.4489,2024-11-05
13.5,2.9,0.0,14.2,84,44,44.7866,20.4489,2024-11-06
14.6,3.4,0.0,14.3,88,39,44.7866,20.4489,2024-11-07
14.1,1.7,0.0,9.6,97,40,44.7866,20.4489,2024-11-08
8.2,1.6,0.0,9.4,100,77,44.7866,20.4489,2024-11-09
8.9,1.7,0.0,11.1,98,54,44.7866,20.4489,2024-11-10
7.4,0.7,2.3,9.2,100,65,44.7866,20.4489,2024-11-11
5.6,2.4,0.1,6.6,94,76,44.7866,20.4489,2024-11-12
6.4,2.5,0.1,9.3,100,70,44.7866,20.4489,2024-11-13
4.6,2.5,0.0,8.9,84,70,44.7866,20.4489,2024-11-14
4.3,1.5,0.1,13.7,94,76,44.7866,20.4489,2024-11-15
7.2,1.6,0.0,9.3,100,67,44.7866,20.4489,2024-11-16
8.4,-0.2,0.0,10.9,96,65,44.7866,20.4489,2024-11-17
6.5,-0.6,0.0,11.5,100,79,44.7866,20.4489,2024-11-18
12.7,1.7,14.2,16.4,98,63,44.7866,20.4489,2024-11-19
16.9,1.4,9.1,24.2,100,54,44.7866,20.4489,2024-11-20
6.8,0.7,2.8,20.3,100,50,44.7866,20.4489,2024-11-21
10.4,0.3,22.7,29.6,100,59,44.7866,20.4489,2024-11-22
4.4,-1.7,0.0,18.6,93,60,44.7866,20.4489,2024-11-23
8.6,-1.3,0.0,11.7,90,48,44.7866,20.4489,2024-11-24
11.5,0.0,0.0,16.1,94,56,44.7866,20.4489,2024-11-25
13.8,0.5,0.0,14.4,93,57,44.7866,20.4489,2024-11-26
10.7,4.8,0.0,7.6,94,74,44.7866,20.4489,2024-11-27
12.8,5.4,6.7,13.1,100,73,44.7866,20.4489,2024-11-28
7.6,4.5,9.5,18.8,97,73,44.7866,20.4489,2024-11-29
5.1,2.4,7.2,12.0,99,89,44.7866,20.4489,2024-11-30
8.0,4.4,0.4,22.8,96,63,44.7866,20.4489,2024-12-01
6.9,2.2,0.0,15.6,92,66,44.7866,20.4489,2024-12-02
7.1,1.4,0.2,14.1,95,70,44.7866,20.4489,2024-12-03
5.4,3.8,1.7,5.4,99,83,44.7866,20.4489,2024-12-04
5.8,1.7,2.2,9.4,97,69,44.7866,20.4489,2024-12-05
9.0,2.6,1.6,16.2,99,67,44.7866,20.4489,2024-12-06
6.5,1.9,2.3,11.5,98,79,44.7866,20.4489,2024-12-07
7.6,0.8,3.5,24.3,93,61,44.7866,20.4489,2024-12-08
7.1,2.6,0.8,22.2,96,79,44.7866,20.4489,2024-12-09
6.9,4.3,0.3,7.1,97,87,44.7866,20.4489,2024-12-10
6.1,3.7,0.2,10.5,98,80,44.7866,20.4489,2024-12-11
4.1,1.9,0.0,11.2,90,73,44.7866,20.4489,2024-12-12
3.5,0.6,0.0,9.9,99,76,44.7866,20.4489,2024-12-13
6.9,-0.3,2.6,20.6,97,71,44.7866,20.4489,2024-12-14
6.8,1.4,0.3,14.9,98,63,44.7866,20.4489,2024-12-15
9.1,0.8,0.0,12.6,95,57,44.7866,20.4489,2024-12-16
11.1,2.9,0.2,10.5,90,68,44.7866,20.4489,2024-12-17
10.2,2.3,0.0,10.2,96,73,44.7866,20.4489,2024-12-18
11.0,1.9,0.0,8.2,99,71,44.7866,20.4489,2024-12-19
7.9,3.2,3.0,21.8,99,79,44.7866,20.4489,2024-12-20
5.0,0.6,2.3,21.3,94,67,44.7866,20.4489,2024-12-21
5.9,-1.1,0.0,10.7,95,55,44.7866,20.4489,2024-12-22
3.0,0.3,15.9,22.5,100,77,44.7866,20.4489,2024-12-23
0.5,0.0,18.6,16.9,100,93,44.7866,20.4489,2024-12-24
3.1,0.6,2.1,14.3,97,84,44.7866,20.4489,2024-12-25
1.7,-1.2,0.0,10.5,93,82,44.7866,20.4489,2024-12-26
2.0,-2.1,0.0,12.6,98,83,44.7866,20.4489,2024-12-27
1.9,-2.6,0.0,9.9,97,81,44.7866,20.4489,2024-12-28
1.5,-3.8,0.0,7.8,100,86,44.7866,20.4489,2024-12-29
3.5,-3.6,0.0,4.5,100,75,44.7866,20.4489,2024-12-30
0.1,-4.3,0.0,8.0,100,94,44.7866,20.4489,2024-12-31
0.5,-3.8,0.0,5.9,100,91,44.7866,20.4489,2025-01-01
